model_name,train_AUC,train_AP,train_recall,train_precision,train_y_pred,train_y_prob,train_y_df,valid_AUC,valid_AP,valid_recall,valid_precision,valid_y_pred,valid_y_prob,valid_y_df,test_AUC,test_AP,test_recall,test_precision,test_y_pred,test_y_prob,test_y_df
xgboost,0.86,0.864,0.753,0.791,[1 0 0 ... 0 1 1],[0.85489964 0.11960474 0.11619422 ... 0.49804986 0.5078532  0.535207  ],"[[1]
 [0]
 [0]
 ...
 [1]
 [1]
 [1]]",0.531,0.514,0.498,0.513,[0 1 0 ... 1 0 0],[0.3654791  0.51897645 0.4235259  ... 0.56286657 0.47320858 0.45261416],"[[0]
 [1]
 [1]
 ...
 [1]
 [1]
 [1]]",0.521,0.524,0.532,0.524,[1 1 1 ... 1 0 0],[0.50711983 0.518749   0.5652722  ... 0.5205927  0.48093572 0.3731951 ],"[[0]
 [0]
 [0]
 ...
 [0]
 [0]
 [0]]"
lightgbm,0.593,0.58,0.56,0.557,[1 0 0 ... 0 1 1],[0.55946613 0.46684344 0.47893453 ... 0.48670332 0.52905596 0.51230456],"[[1]
 [0]
 [0]
 ...
 [1]
 [1]
 [1]]",0.534,0.514,0.56,0.512,[1 1 1 ... 1 1 1],[0.52006774 0.52635045 0.50061121 ... 0.53615404 0.51990495 0.53018111],"[[0]
 [1]
 [1]
 ...
 [1]
 [1]
 [1]]",0.528,0.527,0.561,0.531,[0 1 1 ... 1 1 0],[0.48622658 0.51469455 0.5291321  ... 0.51563662 0.50193373 0.43576498],"[[0]
 [0]
 [0]
 ...
 [0]
 [0]
 [0]]"
